Name	Native	Status	Population
Amnat Charoen	จังหวัดอำนาจเจริญ	Province	359,360	283,732
Chanuman	อำเภอชานุมาน	District	34,510	32,283
Hua Taphan	อำเภอหัวตะพาน	District	49,435	37,273
Lue Amnat	อำเภอลืออำนาจ	District	36,820	28,454
Mueang Amnat Charoen	อำเภอเมืองอำนาจเจริญ	District	127,789	101,768
Pathum Ratchawongsa	อำเภอปทุมราชวงศา	District	42,435	35,395
Phana	อำเภอพนา	District	28,565	19,483
Senangkhanikhom	อำเภอเสนางคนิคม	District	39,806	29,074
Ang Thong	จังหวัดอ่างทอง	Province	269,419	254,292
Chaiyo	อำเภอไชโย	District	21,877	22,933
Mueang Ang Thong	อำเภอเมืองอ่างทอง	District	49,401	49,651
Pa Mok	อำเภอป่าโมก	District	28,140	28,835
Pho Thong	อำเภอโพธิ์ทอง	District	53,135	49,880
Samko	อำเภอสามโก้	District	17,589	19,016
Sawaeng Ha	อำเภอแสวงหา	District	33,979	28,513
Wiset Chai Chan	อำเภอวิเศษชัยชาญ	District	65,298	55,464
Bueng Kan [← Nong Khai]	จังหวัดบึงกาฬ	Province	385,053	362,755
Bueng Khong Long	อำเภอบึงโขงหลง	District	34,069	32,155
Bung Khla	อำเภอบุ่งคล้า	District	12,750	11,732
Mueang Bueng Kan	อำเภอเมืองบึงกาฬ	District	79,758	78,423
Pak Khat	อำเภอปากคาด	District	32,722	30,591
Phon Charoen	อำเภอพรเจริญ	District	39,717	37,918
Seka	อำเภอเซกา	District	78,121	74,616
Si Wilai	อำเภอศรีวิไล	District	37,392	34,992
So Phisai	อำเภอโซ่พิสัย	District	70,524	62,328
Buri Ram	จังหวัดบุรีรัมย์	Province	1,493,359	1,274,921
Ban Dan	อำเภอบ้านด่าน	District	29,798	24,012
Ban Kruat	อำเภอบ้านกรวด	District	72,579	60,777
Ban Mai Chaiyaphot	อำเภอบ้านใหม่ไชยพจน์	District	26,251	22,924
Chaloem Phra Kiat	อำเภอเฉลิมพระเกียรติ	District	40,048	32,010
Chamni	อำเภอชำนิ	District	31,675	28,363
Huai Rat	อำเภอห้วยราช	District	35,051	31,385
Khaen Dong	อำเภอแคนดง	District	31,071	25,789
Khu Mueang	อำเภอคูเมือง	District	66,140	54,139
Krasang	อำเภอกระสัง	District	98,574	81,596
Lahan Sai	อำเภอละหานทราย	District	69,127	59,782
Lam Plai Mat	อำเภอลำปลายมาศ	District	131,804	105,156
Mueang Buriram	อำเภอเมืองบุรีรัมย์	District	199,929	184,589
Nang Rong	อำเภอนางรอง	District	101,632	99,518
Na Pho	อำเภอนาโพธิ์	District	33,582	25,684
Non Din Daeng	อำเภอโนนดินแดง	District	23,829	23,427
Nong Hong	อำเภอหนองหงส์	District	46,392	40,822
Nong Ki	อำเภอหนองกี่	District	68,120	57,385
Non Suwan	อำเภอโนนสุวรรณ	District	21,779	21,857
Pakham	อำเภอปะคำ	District	42,271	35,799
Phlapphla Chai	อำเภอพลับพลาชัย	District	41,012	34,278
Phutthaisong	อำเภอพุทไธสง	District	47,067	40,361
Prakhon Chai	อำเภอประโคนชัย	District	128,804	103,801
Satuek	อำเภอสตึก	District	106,824	81,459
Chachoengsao	จังหวัดฉะเชิงเทรา	Province	635,153	715,603
Bang Khla	อำเภอบางคล้า	District	46,539	45,394
Bang Nam Priao	อำเภอบางน้ำเปรี้ยว	District	80,055	77,252
Bang Pakong	อำเภอบางปะกง	District	78,067	115,535
Ban Pho	อำเภอบ้านโพธิ์	District	45,477	45,252
Khlong Khuean	อำเภอคลองเขื่อน	District	13,801	10,802
Mueang Chachoengsao	อำเภอเมืองฉะเชิงเทรา	District	141,924	184,923
Phanom Sarakham	อำเภอพนมสารคาม	District	77,739	77,569
Plaeng Yao	อำเภอแปลงยาว	District	35,370	50,286
Ratchasan	อำเภอราชสาส์น	District	12,667	10,649
Sanam Chai Khet	อำเภอสนามชัยเขต	District	66,093	61,501
Tha Takiap	อำเภอท่าตะเกียบ	District	37,421	36,441
Chainat	จังหวัดชัยนาท	Province	359,829	305,587
Hankha	อำเภอหันคา	District	58,113	50,728
Manorom	อำเภอมโนรมย์	District	35,993	29,974
Mueang Chainat	อำเภอเมืองชัยนาท	District	78,026	67,918
Noen Kham	อำเภอเนินขาม	District	17,659	14,795
Nong Mamong	อำเภอหนองมะโมง	District	19,450	17,465
Sankhaburi	อำเภอสรรคบุรี	District	72,255	60,184
Sapphaya	อำเภอสรรพยา	District	50,634	41,666
Wat Sing	อำเภอวัดสิงห์	District	27,699	22,857
Chaiyaphum	จังหวัดชัยภูมิ	Province	1,095,360	963,907
Bamnet Narong	อำเภอบำเหน็จณรงค์	District	54,750	46,858
Ban Khwao	อำเภอบ้านเขว้า	District	51,643	39,978
Ban Thaen	อำเภอบ้านแท่น	District	43,992	38,375
Chatturat	อำเภอจัตุรัส	District	74,548	65,546
Kaeng Khro	อำเภอแก้งคร้อ	District	87,663	81,785
Kaset Sombun	อำเภอเกษตรสมบูรณ์	District	111,376	98,702
Khon San	อำเภอคอนสาร	District	58,867	49,502
Khon Sawan	อำเภอคอนสวรรค์	District	54,313	45,423
Mueang Chaiyaphum	อำเภอเมืองชัยภูมิ	District	184,921	162,361
Noen Sa-nga	อำเภอเนินสง่า	District	24,125	20,900
Nong Bua Daeng	อำเภอหนองบัวแดง	District	92,766	80,653
Nong Bua Rawe	อำเภอหนองบัวระเหว	District	33,631	33,943
Phakdi Chumphon	อำเภอภักดีชุมพล	District	28,111	23,856
Phu Khiao	อำเภอภูเขียว	District	120,792	108,193
Sap Yai	อำเภอซับใหญ่	District	11,958	11,578
Thep Sathit	อำเภอเทพสถิต	District	61,904	56,254
Chanthaburi	จังหวัดจันทบุรี	Province	480,064	485,611
Kaeng Hang Maeo	อำเภอแก่งหางแมว	District	34,920	37,698
Khao Khitchakut	อำเภอเขาคิชฌกูฏ	District	24,433	25,893
Khlung	อำเภอขลุง	District	54,937	49,199
Laem Sing	อำเภอแหลมสิงห์	District	31,172	28,663
Makham	อำเภอมะขาม	District	28,341	29,996
Mueang Chanthaburi	อำเภอเมืองจันทบุรี	District	124,462	121,549
Na Yai Am	อำเภอนายายอาม	District	31,973	31,609
Pong Nam Ron	อำเภอโป่งน้ำร้อน	District	33,376	37,601
Soi Dao	อำเภอสอยดาว	District	48,256	60,104
Tha Mai	อำเภอท่าใหม่	District	68,194	63,300
Chiang Mai	จังหวัดเชียงใหม่	Province	1,500,127	1,737,041
Chai Prakan	อำเภอไชยปราการ	District	42,204	38,802
Chiang Dao	อำเภอเชียงดาว	District	69,215	80,205
Chom Thong	อำเภอจอมทอง	District	60,710	70,546
Doi Lo	อำเภอดอยหล่อ	District	26,597	28,409
Doi Saket	อำเภอดอยสะเก็ด	District	59,283	57,544
Doi Tao	อำเภอดอยเต่า	District	25,507	24,694
Fang	อำเภอฝาง	District	95,547	116,263
Galyani Vadhana [← Mae Chaem]	อำเภอกัลยาณิวัฒนา	District	...	10,190
Hang Dong	อำเภอหางดง	District	66,795	84,325
Hot	อำเภอฮอด	District	40,055	39,086
Mae Ai	อำเภอแม่อาย	District	68,136	68,652
Mae Chaem	อำเภอแม่แจ่ม	District	...	58,079
Mae On	อำเภอแม่ออน	District	20,250	22,427
Mae Rim	อำเภอแม่ริม	District	71,897	86,093
Mae Taeng	อำเภอแม่แตง	District	71,271	74,144
Mae Wang	อำเภอแม่วาง	District	28,980	33,106
Mueang Chiang Mai	อำเภอเมืองเชียงใหม่	District	248,479	346,746
Omkoi	อำเภออมก๋อย	District	43,736	59,830
Phrao	อำเภอพร้าว	District	50,945	47,736
Samoeng	อำเภอสะเมิง	District	21,438	24,866
San Kamphaeng	อำเภอสันกำแพง	District	72,253	81,355
San Pa Tong	อำเภอสันป่าตอง	District	75,143	76,431
San Sai	อำเภอสันทราย	District	88,714	113,285
Saraphi	อำเภอสารภี	District	73,232	71,021
Wiang Haeng	อำเภอเวียงแหง	District	20,568	23,203
Chiang Rai	จังหวัดเชียงราย	Province	1,129,701	1,172,928
Chiang Khong	อำเภอเชียงของ	District	60,996	61,321
Chiang Saen	อำเภอเชียงแสน	District	48,310	49,026
Doi Luang	อำเภอดอยหลวง	District	20,644	17,233
Khun Tan	อำเภอขุนตาล	District	31,480	31,041
Mae Chan	อำเภอแม่จัน	District	106,751	97,930
Mae Fa Luang	อำเภอแม่ฟ้าหลวง	District	61,888	67,061
Mae Lao	อำเภอแม่ลาว	District	28,793	29,530
Mae Sai	อำเภอแม่สาย	District	76,673	84,843
Mae Suai	อำเภอแม่สรวย	District	71,854	77,710
Mueang Chiang Rai	อำเภอเมืองเชียงราย	District	199,699	224,436
Pa Daet	อำเภอป่าแดด	District	24,468	24,605
Phan	อำเภอพาน	District	121,747	121,778
Phaya Mengrai	อำเภอพญาเม็งราย	District	39,964	39,023
Thoeng	อำเภอเทิง	District	76,989	82,687
Wiang Chai	อำเภอเวียงชัย	District	43,465	43,005
Wiang Chiang Rung	อำเภอเวียงเชียงรุ้ง	District	23,954	25,667
Wiang Kaen	อำเภอเวียงแก่น	District	29,362	30,097
Wiang Pa Pao	อำเภอเวียงป่าเป้า	District	62,664	65,935
Chonburi	จังหวัดชลบุรี	Province	1,040,865	1,555,358
Ban Bueng	อำเภอบ้านบึง	District	85,868	100,381
Bang Lamung	อำเภอบางละมุง	District	166,305	335,415
Bo Thong	อำเภอบ่อทอง	District	40,928	44,177
Ko Chan	อำเภอเกาะจันทร์	District	34,671	34,105
Ko Sichang	อำเภอเกาะสีชัง	District	4,417	3,113
Mueang Chonburi	อำเภอเมืองชลบุรี	District	245,398	352,301
Nong Yai	อำเภอหนองใหญ่	District	20,757	22,066
Phanat Nikhom	อำเภอพนัสนิคม	District	113,830	119,749
Phan Thong	อำเภอพานทอง	District	44,859	70,423
Sattahip	อำเภอสัตหีบ	District	115,936	140,643
Si Racha	อำเภอศรีราชา	District	167,896	332,984
Chumphon	จังหวัดชุมพร	Province	446,206	467,801
Lamae	อำเภอละแม	District	24,934	27,758
Lang Suan	อำเภอหลังสวน	District	68,233	63,190
Mueang Chumphon	อำเภอเมืองชุมพร	District	139,261	137,303
Pathio	อำเภอปะทิว	District	41,806	49,911
Phato	อำเภอพะโต๊ะ	District	20,061	21,769
Sawi	อำเภอสวี	District	64,650	63,650
Tha Sae	อำเภอท่าแซะ	District	65,212	80,948
Thung Tako	อำเภอทุ่งตะโก	District	22,049	23,271
Kalasin	จังหวัดกาฬสินธุ์	Province	921,366	824,538
Don Chan	อำเภอดอนจาน	District	23,092	20,676
Huai Mek	อำเภอห้วยเม็ก	District	45,901	44,022
Huai Phueng	อำเภอห้วยผึ้ง	District	29,174	26,711
Kamalasai	อำเภอกมลาไสย	District	65,834	59,381
Kham Muang	อำเภอคำม่วง	District	43,959	40,793
Khao Wong	อำเภอเขาวง	District	34,357	30,898
Khong Chai	อำเภอฆ้องชัย	District	24,860	23,731
Kuchinarai	อำเภอกุฉินารายณ์	District	100,656	90,091
Mueang Kalasin	อำเภอเมืองกาฬสินธุ์	District	137,687	127,635
Na Khu	อำเภอนาคู	District	30,104	26,199
Na Mon	อำเภอนามน	District	34,581	27,783
Nong Kung Si	อำเภอหนองกุงศรี	District	60,728	52,296
Rong Kham	อำเภอร่องคำ	District	15,011	14,470
Sahatsakhan	อำเภอสหัสขันธ์	District	38,961	31,916
Sam Chai	อำเภอสามชัย	District	22,956	21,773
Somdet	อำเภอสมเด็จ	District	56,954	51,125
Tha Khantho	อำเภอท่าคันโท	District	34,322	29,857
Yang Talat	อำเภอยางตลาด	District	122,229	105,177
Kamphaeng Phet	จังหวัดกำแพงเพชร	Province	674,027	797,391
Bueng Samakkhi	อำเภอบึงสามัคคี	District	22,292	26,786
Khanu Woralaksaburi	อำเภอขาณุวรลักษบุรี	District	98,091	107,743
Khlong Khlung	อำเภอคลองขลุง	District	74,510	78,733
Khlong Lan	อำเภอคลองลาน	District	55,173	64,567
Kosamphi Nakhon	อำเภอโกสัมพีนคร	District	24,505	30,680
Lan Krabue	อำเภอลานกระบือ	District	35,611	47,952
Mueang Kamphaeng Phet	อำเภอเมืองกำแพงเพชร	District	206,271	240,370
Pang Sila Thong	อำเภอปางศิลาทอง	District	28,424	32,185
Phran Kratai	อำเภอพรานกระต่าย	District	59,941	90,539
Sai Ngam	อำเภอไทรงาม	District	45,333	52,958
Sai Thong Watthana	อำเภอทรายทองวัฒนา	District	23,876	24,877
Kanchanaburi	จังหวัดกาญจนบุรี	Province	734,394	801,519
Bo Phloi	อำเภอบ่อพลอย	District	49,998	51,181
Dan Makham Tia	อำเภอด่านมะขามเตี้ย	District	29,304	28,722
Huai Krachao	อำเภอห้วยกระเจา	District	29,847	31,363
Lao Khwan	อำเภอเลาขวัญ	District	50,089	51,698
Mueang Kanchanaburi	อำเภอเมืองกาญจนบุรี	District	148,266	169,316
Nong Prue	อำเภอหนองปรือ	District	25,748	29,171
Phanom Thuan	อำเภอพนมทวน	District	49,926	53,772
Sai Yok	อำเภอไทรโยค	District	39,988	47,206
Sangkhla Buri	อำเภอสังขละบุรี	District	29,057	31,081
Si Sawat	อำเภอศรีสวัสดิ์	District	19,969	22,576
Tha Maka	อำเภอท่ามะกา	District	125,393	138,582
Tha Muang	อำเภอท่าม่วง	District	96,304	102,862
Thong Pha Phum	อำเภอทองผาภูมิ	District	40,505	43,989
Khon Kaen	จังหวัดขอนแก่น	Province	1,733,434	1,741,980
Ban Fang	อำเภอบ้านฝาง	District	52,824	45,142
Ban Haet	อำเภอบ้านแฮด	District	31,677	26,215
Ban Phai	อำเภอบ้านไผ่	District	103,281	92,671
Chonnabot	อำเภอชนบท	District	50,126	43,828
Chum Phae	อำเภอชุมแพ	District	125,078	113,319
Khao Suan Kwang	อำเภอเขาสวนกวาง	District	36,410	32,701
Khok Pho Chai	อำเภอโคกโพธิ์ไชย	District	25,890	18,662
Kranuan	อำเภอกระนวน	District	76,082	63,105
Mancha Khiri	อำเภอมัญจาคีรี	District	74,306	65,027
Mueang Khon Kaen	อำเภอเมืองขอนแก่น	District	359,065	510,763
Nam Phong	อำเภอน้ำพอง	District	110,978	100,311
Nong Na Kham	อำเภอหนองนาคำ	District	23,085	22,195
Nong Ruea	อำเภอหนองเรือ	District	91,126	85,044
Nong Song Hong	อำเภอหนองสองห้อง	District	77,594	73,728
Non Sila	อำเภอโนนศิลา	District	25,758	23,569
Phon	อำเภอพล	District	88,994	85,203
Phra Yuen	อำเภอพระยืน	District	34,112	29,626
Phu Pha Man	อำเภอภูผาม่าน	District	21,689	22,022
Phu Wiang	อำเภอภูเวียง	District	...	65,529
Pueai Noi	อำเภอเปือยน้อย	District	19,827	15,195
Sam Sung	อำเภอซำสูง	District	23,574	21,370
Si Chomphu	อำเภอสีชมพู	District	77,410	64,212
Ubolratana	อำเภออุบลรัตน์	District	42,582	37,419
Waeng Noi	อำเภอแวงน้อย	District	42,493	38,388
Waeng Yai	อำเภอแวงใหญ่	District	29,008	27,461
Wiang Kao [← Phu Wiang]	อำเภอเวียงเก่า	District	...	19,263
Krabi	จังหวัดกระบี่	Province	336,210	362,203
Ao Luek	อำเภออ่าวลึก	District	44,520	45,866
Khao Phanom	อำเภอเขาพนม	District	38,740	45,561
Khlong Thom	อำเภอคลองท่อม	District	55,437	60,096
Ko Lanta	อำเภอเกาะลันตา	District	23,499	26,805
Lam Thap	อำเภอลำทับ	District	17,041	20,641
Mueang Krabi	อำเภอเมืองกระบี่	District	79,622	83,211
Nuea Khlong	อำเภอเหนือคลอง	District	47,088	49,107
Plai Phraya	อำเภอปลายพระยา	District	30,263	30,916
Krung Thep Mahanakhon [Bangkok]	กรุงเทพมหานคร	Province-level City	6,355,144	8,305,218
Bang Bon	เขตบางบอน	City District	82,585	138,698
Bang Kapi	เขตบางกะปิ	City District	159,014	355,591
Bang Khae	เขตบางแค	City District	192,504	290,911
Bang Khen	เขตบางเขน	City District	187,662	245,310
Bang Kho Laem	เขตบางคอแหลม	City District	135,388	130,138
Bang Khun Thian	เขตบางขุนเทียน	City District	120,016	276,488
Bangkok Noi	เขตบางกอกน้อย	City District	181,372	158,533
Bangkok Yai	เขตบางกอกใหญ่	City District	100,393	89,508
Bang Na	เขตบางนา	City District	113,399	181,625
Bang Phlat	เขตบางพลัด	City District	137,344	174,275
Bang Rak	เขตบางรัก	City District	72,670	50,728
Bang Sue	เขตบางซื่อ	City District	180,598	132,948
Bueng Kum	เขตบึงกุ่ม	City District	152,562	135,671
Chatuchak	เขตจตุจักร	City District	190,578	332,877
Chom Thong	เขตจอมทอง	City District	195,602	197,409
Din Daeng	เขตดินแดง	City District	186,319	158,288
Don Mueang	เขตดอนเมือง	City District	160,444	214,970
Dusit	เขตดุสิต	City District	175,658	102,656
Huai Khwang	เขตห้วยขวาง	City District	90,185	168,583
Khan Na Yao	เขตคันนายาว	City District	85,576	126,856
Khlong Sam Wa	เขตคลองสามวา	City District	99,352	220,339
Khlong San	เขตคลองสาน	City District	127,152	96,784
Khlong Toei	เขตคลองเตย	City District	159,527	179,394
Lak Si	เขตหลักสี่	City District	131,766	167,415
Lat Krabang	เขตลาดกระบัง	City District	128,199	299,775
Lat Phrao	เขตลาดพร้าว	City District	119,838	165,220
Min Buri	เขตมีนบุรี	City District	110,551	225,452
Nong Chok	เขตหนองจอก	City District	98,407	167,896
Nong Khaem	เขตหนองแขม	City District	122,062	192,489
Pathum Wan	เขตปทุมวัน	City District	116,401	84,356
Phasi Charoen	เขตภาษีเจริญ	City District	158,827	197,426
Phaya Thai	เขตพญาไท	City District	102,652	127,799
Phra Khanong	เขตพระโขนง	City District	111,720	142,859
Phra Nakhon	เขตพระนคร	City District	92,636	56,715
Pom Prap Sattru Phai	เขตป้อมปราบศัตรูพ่าย	City District	85,857	42,262
Prawet	เขตประเวศ	City District	134,189	220,197
Rat Burana	เขตราษฎร์บูรณะ	City District	107,080	110,391
Ratchathewi	เขตราชเทวี	City District	119,574	108,851
Sai Mai	เขตสายไหม	City District	158,839	212,560
Samphanthawong	เขตสัมพันธวงศ์	City District	42,255	20,765
Saphan Sung	เขตสะพานสูง	City District	80,082	120,165
Sathon	เขตสาทร	City District	124,902	138,490
Suan Luang	เขตสวนหลวง	City District	126,970	235,063
Taling Chan	เขตตลิ่งชัน	City District	111,878	136,546
Thawi Watthana	เขตทวีวัฒนา	City District	58,255	90,218
Thon Buri	เขตธนบุรี	City District	210,653	155,583
Thung Khru	เขตทุ่งครุ	City District	97,818	150,358
Wang Thonglang	เขตวังทองหลาง	City District	120,907	224,013
Watthana	เขตวัฒนา	City District	91,596	171,150
Yan Nawa	เขตยานนาวา	City District	105,330	182,621
Lampang	จังหวัดลำปาง	Province	782,152	743,143
Chae Hom	อำเภอแจ้ห่ม	District	43,057	40,429
Hang Chat	อำเภอห้างฉัตร	District	51,609	48,274
Ko Kha	อำเภอเกาะคา	District	65,165	60,828
Mae Mo	อำเภอแม่เมาะ	District	37,830	38,464
Mae Phrik	อำเภอแม่พริก	District	17,097	16,655
Mae Tha	อำเภอแม่ทะ	District	63,510	59,997
Mueang Lampang	อำเภอเมืองลำปาง	District	239,475	227,137
Mueang Pan	อำเภอเมืองปาน	District	34,037	31,069
Ngao	อำเภองาว	District	59,294	56,295
Soem Ngam	อำเภอเสริมงาม	District	33,271	32,280
Sop Prap	อำเภอสบปราบ	District	28,221	27,240
Thoen	อำเภอเถิน	District	62,518	61,126
Wang Nuea	อำเภอวังเหนือ	District	47,068	43,348
Lamphun	จังหวัดลำพูน	Province	413,299	412,741
Ban Hong	อำเภอบ้านโฮ่ง	District	45,453	37,162
Ban Thi	อำเภอบ้านธิ	District	18,380	18,103
Li	อำเภอลี้	District	64,137	61,580
Mae Tha	อำเภอแม่ทา	District	42,210	35,512
Mueang Lamphun	อำเภอเมืองลำพูน	District	141,134	171,818
Pa Sang	อำเภอป่าซาง	District	63,072	55,390
Thung Hua Chang	อำเภอทุ่งหัวช้าง	District	18,570	17,419
Wiang Nong Long	อำเภอเวียงหนองล่อง	District	20,343	15,758
Loei	จังหวัดเลย	Province	607,083	546,028
Chiang Khan	อำเภอเชียงคาน	District	58,761	54,059
Dan Sai	อำเภอด่านซ้าย	District	48,971	45,744
Erawan	อำเภอเอราวัณ	District	35,165	26,755
Mueang Loei	อำเภอเมืองเลย	District	109,942	113,328
Na Duang	อำเภอนาด้วง	District	24,702	21,262
Na Haeo	อำเภอนาแห้ว	District	10,697	10,429
Nong Hin	อำเภอหนองหิน	District	21,821	20,114
Pak Chom	อำเภอปากชม	District	48,962	34,449
Pha Khao	อำเภอผาขาว	District	38,235	31,050
Phu Kradueng	อำเภอภูกระดึง	District	34,302	24,598
Phu Luang	อำเภอภูหลวง	District	21,467	21,008
Phu Ruea	อำเภอภูเรือ	District	20,291	19,599
Tha Li	อำเภอท่าลี่	District	26,338	25,637
Wang Saphung	อำเภอวังสะพุง	District	107,429	97,997
Lopburi	จังหวัดลพบุรี	Province	745,506	769,925
Ban Mi	อำเภอบ้านหมี่	District	86,064	72,229
Chai Badan	อำเภอชัยบาดาล	District	85,301	91,281
Khok Charoen	อำเภอโคกเจริญ	District	23,087	20,368
Khok Samrong	อำเภอโคกสำโรง	District	86,381	79,598
Lam Sonthi	อำเภอลำสนธิ	District	24,279	25,198
Mueang Lopburi	อำเภอเมืองลพบุรี	District	247,246	264,338
Nong Muang	อำเภอหนองม่วง	District	34,378	33,718
Phatthana Nikhom	อำเภอพัฒนานิคม	District	57,892	78,957
Sa Bot	อำเภอสระโบสถ์	District	22,847	21,361
Tha Luang	อำเภอท่าหลวง	District	26,398	30,010
Tha Wung	อำเภอท่าวุ้ง	District	51,633	52,869
Mae Hong Son	จังหวัดแม่ฮ่องสอน	Province	210,537	209,153
Khun Yuam	อำเภอขุนยวม	District	19,243	17,761
Mae La Noi	อำเภอแม่ลาน้อย	District	29,582	28,076
Mae Sariang	อำเภอแม่สะเรียง	District	46,035	43,691
Mueang Mae Hong Son	อำเภอเมืองแม่ฮ่องสอน	District	41,682	46,277
Pai	อำเภอปาย	District	25,342	26,015
Pang Mapha	อำเภอปางมะผ้า	District	14,403	16,893
Sop Moei	อำเภอสบเมย	District	34,250	30,440
Maha Sarakham	จังหวัดมหาสารคาม	Province	947,313	827,639
Borabue	อำเภอบรบือ	District	109,927	91,133
Chiang Yuen	อำเภอเชียงยืน	District	63,390	54,271
Chuen Chom	อำเภอชื่นชม	District	24,386	21,538
Kae Dam	อำเภอแกดำ	District	29,555	24,694
Kantharawichai	อำเภอกันทรวิชัย	District	75,649	79,733
Kosum Phisai	อำเภอโกสุมพิสัย	District	122,632	102,844
Kut Rang	อำเภอกุดรัง	District	36,394	30,817
Mueang Maha Sarakham	อำเภอเมืองมหาสารคาม	District	148,317	145,845
Na Chueak	อำเภอนาเชือก	District	61,018	50,956
Na Dun	อำเภอนาดูน	District	37,411	31,456
Phayakkhaphum Phisai	อำเภอพยัคฆภูมิพิสัย	District	87,719	71,756
Wapi Pathum	อำเภอวาปีปทุม	District	115,765	92,776
Yang Sisurat	อำเภอยางสีสุราช	District	35,150	29,819
Mukdahan	จังหวัดมุกดาหาร	Province	310,718	357,339
Dong Luang	อำเภอดงหลวง	District	31,633	41,031
Don Tan	อำเภอดอนตาล	District	38,198	47,237
Khamcha-i	อำเภอคำชะอี	District	44,211	47,332
Mueang Mukdahan	อำเภอเมืองมุกดาหาร	District	119,162	139,390
Nikhom Kham Soi	อำเภอนิคมคำสร้อย	District	39,868	42,861
Nong Sung	อำเภอหนองสูง	District	20,059	20,444
Wan Yai	อำเภอหว้านใหญ่	District	17,587	19,043
Nakhon Nayok	จังหวัดนครนายก	Province	241,081	246,868
Ban Na	อำเภอบ้านนา	District	65,365	64,323
Mueang Nakhon Nayok	อำเภอเมืองนครนายก	District	97,016	95,965
Ongkharak	อำเภอองครักษ์	District	53,280	64,064
Pak Phli	อำเภอปากพลี	District	25,420	22,515
Nakhon Pathom	จังหวัดนครปฐม	Province	815,122	943,892
Bang Len	อำเภอบางเลน	District	91,676	93,031
Don Tum	อำเภอดอนตูม	District	46,494	44,614
Kamphaeng Saen	อำเภอกำแพงแสน	District	124,715	117,839
Mueang Nakhon Pathom	อำเภอเมืองนครปฐม	District	271,391	269,208
Nakhon Chai Si	อำเภอนครชัยศรี	District	100,783	114,232
Phutthamonthon	อำเภอพุทธมณฑล	District	22,048	48,840
Sam Phran	อำเภอสามพราน	District	158,015	256,128
Nakhon Phanom	จังหวัดนครพนม	Province	684,444	583,726
Ban Phaeng	อำเภอบ้านแพง	District	33,731	28,784
Mueang Nakhon Phanom	อำเภอเมืองนครพนม	District	157,438	128,313
Na Kae	อำเภอนาแก	District	73,784	62,500
Na Thom	อำเภอนาทม	District	21,487	18,007
Na Wa	อำเภอนาหว้า	District	46,006	39,494
Phon Sawan	อำเภอโพนสวรรค์	District	50,414	43,860
Pla Pak	อำเภอปลาปาก	District	48,694	44,848
Renu Nakhon	อำเภอเรณูนคร	District	42,588	35,892
Si Songkhram	อำเภอศรีสงคราม	District	62,239	58,440
That Phanom	อำเภอธาตุพนม	District	81,101	65,771
Tha Uthen	อำเภอท่าอุเทน	District	53,859	45,585
Wang Yang	อำเภอวังยาง	District	13,103	12,231
Nakhon Ratchasima	จังหวัดนครราชสีมา	Province	2,556,260	2,525,975
Ban Lueam	อำเภอบ้านเหลื่อม	District	22,170	15,872
Bua Lai	อำเภอบัวลาย	District	25,061	18,621
Bua Yai	อำเภอบัวใหญ่	District	86,776	66,953
Chakkarat	อำเภอจักราช	District	66,615	53,643
Chaloem Phra Kiat	อำเภอเฉลิมพระเกียรติ	District	33,151	28,304
Chok Chai	อำเภอโชคชัย	District	73,663	84,212
Chum Phuang	อำเภอชุมพวง	District	81,440	61,742
Dan Khun Thot	อำเภอด่านขุนทด	District	126,253	113,852
Huai Thalaeng	อำเภอห้วยแถลง	District	78,581	56,494
Kaeng Sanam Nang	อำเภอแก้งสนามนาง	District	37,884	28,236
Kham Sakaesaeng	อำเภอขามสะแกแสง	District	43,365	33,904
Kham Thale So	อำเภอขามทะเลสอ	District	28,306	25,438
Khon Buri	อำเภอครบุรี	District	94,901	91,134
Khong	อำเภอคง	District	81,484	58,447
Lam Thamenchai	อำเภอลำทะเมนชัย	District	32,211	25,802
Mueang Nakhon Ratchasima	อำเภอเมืองนครราชสีมา	District	430,053	596,216
Mueang Yang	อำเภอเมืองยาง	District	28,501	20,537
Non Daeng	อำเภอโนนแดง	District	26,405	17,547
Nong Bun Mak	อำเภอหนองบุญมาก	District	56,287	45,724
Non Sung	อำเภอโนนสูง	District	130,064	100,377
Non Thai	อำเภอโนนไทย	District	78,539	62,012
Pak Chong	อำเภอปากช่อง	District	175,541	253,946
Pak Thong Chai	อำเภอปักธงชัย	District	117,999	107,257
Phimai	อำเภอพิมาย	District	130,296	111,419
Phra Thong Kham	อำเภอพระทองคำ	District	44,232	35,188
Prathai	อำเภอประทาย	District	76,703	57,432
Sida	อำเภอสีดา	District	24,540	18,286
Sikhio	อำเภอสีคิ้ว	District	120,097	123,636
Soeng Sang	อำเภอเสิงสาง	District	64,388	60,471
Sung Noen	อำเภอสูงเนิน	District	75,990	87,548
Thepharak	อำเภอเทพารักษ์	District	23,279	21,007
Wang Nam Khiao	อำเภอวังน้ำเขียว	District	41,485	44,728
Nakhon Sawan	จังหวัดนครสวรรค์	Province	1,090,379	992,749
Banphot Phisai	อำเภอบรรพตพิสัย	District	91,563	80,429
Chum Saeng	อำเภอชุมแสง	District	73,001	62,775
Chum Ta Bong	อำเภอชุมตาบง	District	17,146	16,207
Kao Liao	อำเภอเก้าเลี้ยว	District	34,515	33,973
Krok Phra	อำเภอโกรกพระ	District	35,289	32,873
Lat Yao	อำเภอลาดยาว	District	92,322	74,117
Mae Poen	อำเภอแม่เปิน	District	17,343	18,876
Mae Wong	อำเภอแม่วงก์	District	50,516	34,699
Mueang Nakhon Sawan	อำเภอเมืองนครสวรรค์	District	230,065	258,882
Nong Bua	อำเภอหนองบัว	District	69,411	55,579
Phaisali	อำเภอไพศาลี	District	71,061	63,764
Phayuha Khiri	อำเภอพยุหะคีรี	District	65,058	57,415
Tak Fa	อำเภอตากฟ้า	District	43,777	39,281
Takhli	อำเภอตาคลี	District	128,257	100,747
Tha Tako	อำเภอท่าตะโก	District	71,055	63,132
Nakhon Si Thammarat	จังหวัดนครศรีธรรมราช	Province	1,519,811	1,450,466
Bang Khan	อำเภอบางขัน	District	34,486	46,798
Chaloem Phra Kiat	อำเภอเฉลิมพระเกียรติ	District	35,465	29,319
Chang Klang	อำเภอช้างกลาง	District	31,706	29,610
Cha-uat	อำเภอชะอวด	District	85,016	79,422
Chawang	อำเภอฉวาง	District	69,246	70,053
Chian Yai	อำเภอเชียรใหญ่	District	49,416	38,292
Chulabhorn	อำเภอจุฬาภรณ์	District	30,447	30,973
Hua Sai	อำเภอหัวไทร	District	71,297	61,868
Khanom	อำเภอขนอม	District	26,796	32,759
Lan Saka	อำเภอลานสกา	District	39,717	40,786
Mueang Nakhon Si Thammarat	อำเภอเมืองนครศรีธรรมราช	District	267,560	237,174
Na Bon	อำเภอนาบอน	District	27,677	23,421
Nopphitam	อำเภอนบพิตำ	District	27,489	30,648
Pak Phanang	อำเภอปากพนัง	District	117,346	85,487
Phipun	อำเภอพิปูน	District	27,834	30,443
Phra Phrom	อำเภอพระพรหม	District	41,152	44,621
Phrom Khiri	อำเภอพรหมคีรี	District	34,938	36,756
Ron Phibun	อำเภอร่อนพิบูลย์	District	87,707	75,406
Sichon	อำเภอสิชล	District	80,357	82,010
Tham Phannara	อำเภอถ้ำพรรณรา	District	16,989	20,989
Tha Sala	อำเภอท่าศาลา	District	105,750	105,952
Thung Song	อำเภอทุ่งสง	District	147,333	144,123
Thung Yai	อำเภอทุ่งใหญ่	District	64,087	73,555
Nan	จังหวัดน่าน	Province	458,041	452,814
Ban Luang	อำเภอบ้านหลวง	District	11,455	11,197
Bo Kluea	อำเภอบ่อเกลือ	District	14,883	14,077
Chaloem Phra Kiat	อำเภอเฉลิมพระเกียรติ	District	7,517	10,460
Chiang Klang	อำเภอเชียงกลาง	District	27,520	25,560
Mae Charim	อำเภอแม่จริม	District	15,550	15,752
Mueang Nan	อำเภอเมืองน่าน	District	77,269	84,098
Na Muen	อำเภอนาหมื่น	District	14,628	13,763
Na Noi	อำเภอนาน้อย	District	32,047	30,246
Phu Phiang	อำเภอภูเพียง	District	33,318	35,190
Pua	อำเภอปัว	District	62,056	57,693
Santi Suk	อำเภอสันติสุข	District	14,788	14,257
Song Khwae	อำเภอสองแคว	District	10,481	10,454
Tha Wang Pha	อำเภอท่าวังผา	District	49,275	45,940
Thung Chang	อำเภอทุ่งช้าง	District	20,064	16,267
Wiang Sa	อำเภอเวียงสา	District	67,190	67,861
Narathiwat	จังหวัดนราธิวาส	Province	662,350	670,002
Bacho	อำเภอบาเจาะ	District	45,352	47,066
Chanae	อำเภอจะแนะ	District	28,053	33,534
Cho-airong	อำเภอเจาะไอร้อง	District	34,806	36,881
Mueang Narathiwat	อำเภอเมืองนราธิวาส	District	104,615	104,051
Ra-ngae	อำเภอระแงะ	District	80,550	75,802
Rueso	อำเภอรือเสาะ	District	59,108	60,595
Si Sakhon	อำเภอศรีสาคร	District	25,986	34,966
Sukhirin	อำเภอสุคิริน	District	20,715	22,898
Su-ngai Kolok	อำเภอสุไหงโก-ลก	District	64,640	61,638
Su-ngai Padi	อำเภอสุไหงปาดี	District	54,445	48,153
Tak Bai	อำเภอตากใบ	District	61,157	57,776
Waeng	อำเภอแว้ง	District	43,050	48,063
Yi-ngo	อำเภอยี่งอ	District	39,873	38,579
Nong Bua Lamphu	จังหวัดหนองบัวลำภู	Province	482,207	485,974
Mueang Nong Bua Lamphu	อำเภอเมืองหนองบัวลำภู	District	125,757	134,116
Na Klang	อำเภอนากลาง	District	90,857	87,690
Na Wang	อำเภอนาวัง	District	36,483	34,347
Non Sang	อำเภอโนนสัง	District	62,142	60,687
Si Bun Rueang	อำเภอศรีบุญเรือง	District	103,635	103,518
Suwannakhuha	อำเภอสุวรรณคูหา	District	63,333	65,616
Nong Khai	จังหวัดหนองคาย	Province	498,651	458,772
Fao Rai	อำเภอเฝ้าไร่	District	49,153	45,472
Mueang Nong Khai	อำเภอเมืองหนองคาย	District	137,923	131,965
Phon Phisai	อำเภอโพนพิสัย	District	94,566	87,241
Pho Tak	อำเภอโพธิ์ตาก	District	14,709	13,431
Rattanawapi	อำเภอรัตนวาปี	District	36,718	33,729
Sakhrai	อำเภอสระใคร	District	23,545	23,147
Sangkhom	อำเภอสังคม	District	22,243	21,440
Si Chiang Mai	อำเภอศรีเชียงใหม่	District	35,003	27,745
Tha Bo	อำเภอท่าบ่อ	District	84,791	74,602
Nonthaburi	จังหวัดนนทบุรี	Province	816,614	1,334,083
Bang Bua Thong	อำเภอบางบัวทอง	District	130,076	256,290
Bang Kruai	อำเภอบางกรวย	District	81,900	111,631
Bang Yai	อำเภอบางใหญ่	District	55,228	129,594
Mueang Nonthaburi	อำเภอเมืองนนทบุรี	District	332,388	481,487
Pak Kret	อำเภอปากเกร็ด	District	177,282	294,223
Sai Noi	อำเภอไทรน้อย	District	39,740	60,858
Pathum Thani	จังหวัดปทุมธานี	Province	677,649	1,327,147
Khlong Luang	อำเภอคลองหลวง	District	150,871	420,211
Lam Luk Ka	อำเภอลำลูกกา	District	139,456	265,870
Lat Lum Kaeo	อำเภอลาดหลุมแก้ว	District	43,014	74,970
Mueang Pathum Thani	อำเภอเมืองปทุมธานี	District	129,649	220,154
Nong Suea	อำเภอหนองเสือ	District	46,565	56,955
Sam Khok	อำเภอสามโคก	District	44,712	61,288
Thanyaburi	อำเภอธัญบุรี	District	123,382	227,699
Pattani	จังหวัดปัตตานี	Province	595,985	609,015
Kapho	อำเภอกะพ้อ	District	14,298	15,550
Khok Pho	อำเภอโคกโพธิ์	District	61,330	56,418
Mae Lan	อำเภอแม่ลาน	District	13,848	14,384
Mai Kaen	อำเภอไม้แก่น	District	10,072	10,257
Mayo	อำเภอมายอ	District	50,244	47,801
Mueang Pattani	อำเภอเมืองปัตตานี	District	108,271	109,226
Nong Chik	อำเภอหนองจิก	District	70,118	64,304
Panare	อำเภอปะนาเระ	District	40,243	41,065
Sai Buri	อำเภอสายบุรี	District	57,873	65,144
Thung Yang Daeng	อำเภอทุ่งยางแดง	District	17,403	20,009
Yarang	อำเภอยะรัง	District	78,740	83,922
Yaring	อำเภอยะหริ่ง	District	73,545	80,934
Phang Nga	จังหวัดพังงา	Province	234,188	258,535
Kapong	อำเภอกะปง	District	12,692	14,609
Khura Buri	อำเภอคุระบุรี	District	22,011	23,594
Ko Yao	อำเภอเกาะยาว	District	12,548	12,645
Mueang Phang Nga	อำเภอเมืองพังงา	District	36,747	40,480
Takua Pa	อำเภอตะกั่วป่า	District	43,459	47,755
Takua Thung	อำเภอตะกั่วทุ่ง	District	39,597	46,483
Thai Mueang	อำเภอท้ายเหมือง	District	43,829	49,898
Thap Put	อำเภอทับปุด	District	23,305	23,070
Phatthalung	จังหวัดพัทลุง	Province	498,471	480,976
Bang Kaeo	อำเภอบางแก้ว	District	24,940	25,485
Khao Chaison	อำเภอเขาชัยสน	District	44,136	43,912
Khuan Khanun	อำเภอควนขนุน	District	82,685	77,005
Kong Ra	อำเภอกงหรา	District	32,646	34,718
Mueang Phatthalung	อำเภอเมืองพัทลุง	District	124,208	106,454
Pa Bon	อำเภอป่าบอน	District	41,452	48,797
Pak Phayun	อำเภอปากพะยูน	District	49,880	43,406
Pa Phayom	อำเภอป่าพะยอม	District	31,221	33,293
Si Banphot	อำเภอศรีบรรพต	District	15,959	17,642
Srinagarindra	อำเภอศรีนครินทร์	District	24,148	24,334
Tamot	อำเภอตะโหมด	District	27,196	25,929
Phayao	จังหวัดพะเยา	Province	502,780	417,380
Chiang Kham	อำเภอเชียงคำ	District	78,843	65,826
Chiang Muan	อำเภอเชียงม่วน	District	19,950	16,834
Chun	อำเภอจุน	District	53,567	41,024
Dok Khamtai	อำเภอดอกคำใต้	District	75,119	61,754
Mae Chai	อำเภอแม่ใจ	District	37,482	29,123
Mueang Phayao	อำเภอเมืองพะเยา	District	125,450	110,738
Phu Kamyao	อำเภอภูกามยาว	District	22,951	19,623
Phu Sang	อำเภอภูซาง	District	36,111	26,295
Pong	อำเภอปง	District	53,307	46,163
Phetchabun	จังหวัดเพชรบูรณ	Province	965,784	940,076
Bueng Sam Phan	อำเภอบึงสามพัน	District	66,613	67,692
Chon Daen	อำเภอชนแดน	District	86,086	75,205
Khao Kho	อำเภอเขาค้อ	District	27,540	32,803
Lom Kao	อำเภอหล่มเก่า	District	60,228	62,885
Lom Sak	อำเภอหล่มสัก	District	150,680	149,577
Mueang Phetchabun	อำเภอเมืองเพชรบูรณ์	District	211,227	199,367
Nam Nao	อำเภอน้ำหนาว	District	15,485	16,285
Nong Phai	อำเภอหนองไผ่	District	115,832	107,060
Si Thep	อำเภอศรีเทพ	District	63,300	65,811
Wang Pong	อำเภอวังโป่ง	District	39,502	35,629
Wichian Buri	อำเภอวิเชียรบุรี	District	129,291	127,762
Phetchaburi	จังหวัดเพชรบุรี	Province	435,377	472,589
Ban Laem	อำเภอบ้านแหลม	District	54,544	55,781
Ban Lat	อำเภอบ้านลาด	District	47,656	52,513
Cha-am	อำเภอชะอำ	District	64,501	73,894
Kaeng Krachan	อำเภอแก่งกระจาน	District	24,458	28,569
Khao Yoi	อำเภอเขาย้อย	District	35,868	39,254
Mueang Phetchaburi	อำเภอเมืองเพชรบุรี	District	115,000	121,712
Nong Ya Plong	อำเภอหนองหญ้าปล้อง	District	12,556	15,027
Tha Yang	อำเภอท่ายาง	District	80,794	85,839
Phichit	จังหวัดพิจิตร	Province	572,989	548,242
Bang Mun Nak	อำเภอบางมูลนาก	District	51,715	42,426
Bueng Na Rang	อำเภอบึงนาราง	District	27,013	30,367
Dong Charoen	อำเภอดงเจริญ	District	19,628	22,095
Mueang Phichit	อำเภอเมืองพิจิตร	District	114,255	112,827
Pho Prathap Chang	อำเภอโพธิ์ประทับช้าง	District	42,630	47,290
Pho Thale	อำเภอโพทะเล	District	61,529	60,719
Sak Lek	อำเภอสากเหล็ก	District	23,256	22,362
Sam Ngam	อำเภอสามง่าม	District	45,353	41,774
Taphan Hin	อำเภอตะพานหิน	District	76,825	65,485
Tap Khlo	อำเภอทับคล้อ	District	52,902	43,674
Wachirabarami	อำเภอวชิรบารมี	District	28,954	35,084
Wang Sai Phun	อำเภอวังทรายพูน	District	28,929	24,137
Phitsanulok	จังหวัดพิษณุโลก	Province	792,678	912,827
Bang Krathum	อำเภอบางกระทุ่ม	District	51,273	52,519
Bang Rakam	อำเภอบางระกำ	District	88,946	103,294
Chat Trakan	อำเภอชาติตระการ	District	33,750	44,801
Mueang Phitsanulok	อำเภอเมืองพิษณุโลก	District	246,772	306,594
Nakhon Thai	อำเภอนครไทย	District	79,084	95,074
Noen Maprang	อำเภอเนินมะปราง	District	57,871	55,072
Phrom Phiram	อำเภอพรหมพิราม	District	86,323	93,593
Wang Thong	อำเภอวังทอง	District	112,771	118,879
Wat Bot	อำเภอวัดโบสถ์	District	35,888	43,001
Phrae	จังหวัดแพร่	Province	492,561	427,398
Den Chai	อำเภอเด่นชัย	District	38,557	29,971
Long	อำเภอลอง	District	60,285	48,682
Mueang Phrae	อำเภอเมืองแพร่	District	128,128	120,894
Nong Muang Khai	อำเภอหนองม่วงไข่	District	20,566	17,890
Rong Kwang	อำเภอร้องกวาง	District	52,885	47,132
Song	อำเภอสอง	District	59,716	47,985
Sung Men	อำเภอสูงเม่น	District	83,609	73,038
Wang Chin	อำเภอวังชิ้น	District	48,815	41,806
Phra Nakhon Si Ayutthaya	จังหวัดพระนครศรีอยุธยา	Province	727,277	870,671
Bang Ban	อำเภอบางบาล	District	34,404	31,615
Bang Pahan	อำเภอบางปะหัน	District	38,799	40,115
Bang Pa-in	อำเภอบางปะอิน	District	73,630	136,733
Bang Sai (1404)	อำเภอบางไทร	District	44,764	47,362
Bang Sai (1413)	อำเภอบางซ้าย	District	19,973	17,229
Ban Phraek	อำเภอบ้านแพรก	District	9,437	7,661
Lat Bua Luang	อำเภอลาดบัวหลวง	District	36,186	37,978
Maha Rat	อำเภอมหาราช	District	23,282	21,105
Nakhon Luang	อำเภอนครหลวง	District	33,197	50,170
Phachi	อำเภอภาชี	District	30,481	29,265
Phak Hai	อำเภอผักไห่	District	44,436	32,685
Phra Nakhon Si Ayutthaya	อำเภอพระนครศรีอยุธยา	District	131,222	150,856
Sena	อำเภอเสนา	District	64,436	60,524
Tha Ruea	อำเภอท่าเรือ	District	48,872	44,563
Uthai	อำเภออุทัย	District	39,943	76,469
Wang Noi	อำเภอวังน้อย	District	54,215	86,342
Phuket	จังหวัดภูเก็ต	Province	249,446	525,709
Kathu	อำเภอกะทู้	District	36,971	101,410
Mueang Phuket	อำเภอเมืองภูเก็ต	District	151,763	311,585
Thalang	อำเภอถลาง	District	60,712	112,714
Prachinburi	จังหวัดปราจีนบุรี	Province	406,732	546,996
Ban Sang	อำเภอบ้านสร้าง	District	29,715	38,245
Kabin Buri	อำเภอกบินทร์บุรี	District	117,240	140,056
Mueang Prachinburi	อำเภอเมืองปราจีนบุรี	District	104,304	132,066
Na Di	อำเภอนาดี	District	42,405	57,466
Prachantakham	อำเภอประจันตคาม	District	47,188	59,696
Si Maha Phot	อำเภอศรีมหาโพธิ	District	48,987	100,563
Si Mahosot	อำเภอศรีมโหสถ	District	16,893	18,903
Prachuap Khiri Khan	จังหวัดประจวบคีรีขันธ์	Province	449,467	467,466
Bang Saphan	อำเภอบางสะพาน	District	63,540	63,085
Bang Saphan Noi	อำเภอบางสะพานน้อย	District	31,229	29,069
Hua Hin	อำเภอหัวหิน	District	68,880	109,327
Kui Buri	อำเภอกุยบุรี	District	42,110	37,801
Mueang Prachuap Khiri Khan	อำเภอเมืองประจวบคีรีขันธ์	District	80,196	78,519
Pran Buri	อำเภอปราณบุรี	District	72,602	66,782
Sam Roi Yot	อำเภอสามร้อยยอด	District	40,365	41,685
Thap Sakae	อำเภอทับสะแก	District	50,545	41,197
Ranong	จังหวัดระนอง	Province	161,210	249,017
Kapoe	อำเภอกะเปอร์	District	18,643	24,522
Kra Buri	อำเภอกระบุรี	District	44,039	56,670
La-un	อำเภอละอุ่น	District	12,118	18,611
Mueang Ranong	อำเภอเมืองระนอง	District	78,029	135,564
Suk Samran	อำเภอสุขสำราญ	District	8,381	13,651
Ratchaburi	จังหวัดราชบุรี	Province	791,217	796,748
Bang Phae	อำเภอบางแพ	District	42,949	41,377
Ban Kha	อำเภอบ้านคา	District	19,354	22,813
Ban Pong	อำเภอบ้านโป่ง	District	157,689	153,094
Chom Bueng	อำเภอจอมบึง	District	57,070	60,410
Damnoen Saduak	อำเภอดำเนินสะดวก	District	98,994	83,860
Mueang Ratchaburi	อำเภอเมืองราชบุรี	District	183,528	188,722
Pak Tho	อำเภอปากท่อ	District	61,015	63,650
Photharam	อำเภอโพธาราม	District	128,434	132,457
Suan Phueng	อำเภอสวนผึ้ง	District	30,252	38,817
Wat Phleng	อำเภอวัดเพลง	District	11,932	11,548
Rayong	จังหวัดระยอง	Province	522,133	821,072
Ban Chang	อำเภอบ้านฉาง	District	47,071	63,659
Ban Khai	อำเภอบ้านค่าย	District	57,684	74,347
Khao Chamao	อำเภอเขาชะเมา	District	19,784	23,928
Klaeng	อำเภอแกลง	District	123,038	135,390
Mueang Rayong	อำเภอเมืองระยอง	District	188,208	364,544
Nikhom Phatthana	อำเภอนิคมพัฒนา	District	30,686	61,447
Pluak Daeng	อำเภอปลวกแดง	District	33,484	71,531
Wang Chan	อำเภอวังจันทร์	District	22,178	26,226
Roi Et	จังหวัดร้อยเอ็ด	Province	1,256,458	1,084,985
At Samat	อำเภออาจสามารถ	District	71,060	60,592
Changhan	อำเภอจังหาร	District	46,124	40,114
Chaturaphak Phiman	อำเภอจตุรพักตรพิมาน	District	78,361	68,103
Chiang Khwan	อำเภอเชียงขวัญ	District	27,054	23,351
Kaset Wisai	อำเภอเกษตรวิสัย	District	96,557	79,125
Moei Wadi	อำเภอเมยวดี	District	21,040	18,094
Mueang Roi Et	อำเภอเมืองร้อยเอ็ด	District	145,142	145,849
Mueang Suang	อำเภอเมืองสรวง	District	22,903	18,269
Nong Hi	อำเภอหนองฮี	District	25,587	18,191
Nong Phok	อำเภอหนองพอก	District	60,841	52,564
Pathum Rat	อำเภอปทุมรัตต์	District	49,139	44,743
Phanom Phrai	อำเภอพนมไพร	District	74,934	58,698
Pho Chai	อำเภอโพธิ์ชัย	District	52,889	48,872
Phon Sai	อำเภอโพนทราย	District	25,271	21,907
Phon Thong	อำเภอโพนทอง	District	101,908	86,547
Selaphum	อำเภอเสลภูมิ	District	118,646	96,618
Si Somdet	อำเภอศรีสมเด็จ	District	37,251	33,187
Suwannaphum	อำเภอสุวรรณภูมิ	District	111,871	93,537
Thawat Buri	อำเภอธวัชบุรี	District	66,429	58,493
Thung Khao Luang	อำเภอทุ่งเขาหลวง	District	23,451	18,135
Sa Kaeo	จังหวัดสระแก้ว	Province	485,632	555,961
Aranyaprathet	อำเภออรัญประเทศ	District	73,813	88,477
Khao Chakan	อำเภอเขาฉกรรจ์	District	51,424	57,234
Khlong Hat	อำเภอคลองหาด	District	31,509	37,108
Khok Sung	อำเภอโคกสูง	District	22,516	26,592
Mueang Sa Kaeo	อำเภอเมืองสระแก้ว	District	94,275	111,322
Ta Phraya	อำเภอตาพระยา	District	45,938	53,804
Wang Nam Yen	อำเภอวังน้ำเย็น	District	56,545	64,149
Wang Sombun	อำเภอวังสมบูรณ์	District	30,668	37,335
Watthana Nakhon	อำเภอวัฒนานคร	District	78,944	79,940
Sakon Nakhon	จังหวัดสกลนคร	Province	1,040,766	941,810
Akat Amnuai	อำเภออากาศอำนวย	District	61,859	62,240
Ban Muang	อำเภอบ้านม่วง	District	63,265	54,265
Charoen Sin	อำเภอเจริญศิลป์	District	39,523	34,003
Kham Ta Kla	อำเภอคำตากล้า	District	35,804	31,208
Khok Si Suphan	อำเภอโคกศรีสุพรรณ	District	31,980	30,751
Kusuman	อำเภอกุสุมาลย์	District	41,976	37,056
Kut Bak	อำเภอกุดบาก	District	31,209	27,111
Mueang Sakon Nakhon	อำเภอเมืองสกลนคร	District	172,944	168,495
Nikhom Nam Un	อำเภอนิคมน้ำอูน	District	14,263	11,896
Phang Khon	อำเภอพังโคน	District	49,984	42,871
Phanna Nikhom	อำเภอพรรณานิคม	District	75,370	68,838
Phon Na Kaeo	อำเภอโพนนาแก้ว	District	33,599	31,500
Phu Phan	อำเภอภูพาน	District	33,830	28,779
Sawang Daen Din	อำเภอสว่างแดนดิน	District	142,027	121,842
Song Dao	อำเภอส่องดาว	District	31,275	25,421
Tao Ngoi	อำเภอเต่างอย	District	22,071	22,991
Wanon Niwat	อำเภอวานรนิวาส	District	112,722	102,464
Waritchaphum	อำเภอวาริชภูมิ	District	47,065	40,080
Samut Prakan	จังหวัดสมุทรปราการ	Province	1,028,401	1,828,694
Bang Bo	อำเภอบางบ่อ	District	85,208	105,742
Bang Phli	อำเภอบางพลี	District	141,688	326,114
Bang Sao Thong	อำเภอบางเสาธง	District	69,516	201,624
Mueang Samut Prakan	อำเภอเมืองสมุทรปราการ	District	435,122	794,867
Phra Pradaeng	อำเภอพระประแดง	District	212,027	282,245
Phra Samut Chedi	อำเภอพระสมุทรเจดีย์	District	84,840	118,102
Samut Sakhon	จังหวัดสมุทรสาคร	Province	466,281	887,191
Ban Phaeo	อำเภอบ้านแพ้ว	District	95,524	86,663
Krathum Baen	อำเภอกระทุ่มแบน	District	152,642	264,206
Mueang Samut Sakhon	อำเภอเมืองสมุทรสาคร	District	218,115	536,323
Samut Songkhram	จังหวัดสมุทรสงคราม	Province	204,177	185,564
Amphawa	อำเภออัมพวา	District	62,149	49,252
Bang Khonthi	อำเภอบางคนที	District	36,397	39,183
Mueang Samut Songkhram	อำเภอเมืองสมุทรสงคราม	District	105,631	97,130
Saraburi	จังหวัดสระบุรี	Province	575,053	717,054
Ban Mo	อำเภอบ้านหมอ	District	39,489	45,206
Chaloem Phra Kiat	อำเภอเฉลิมพระเกียรติ	District	25,616	40,009
Don Phut	อำเภอดอนพุด	District	6,957	7,963
Kaeng Khoi	อำเภอแก่งคอย	District	82,404	115,212
Muak Lek	อำเภอมวกเหล็ก	District	45,782	61,999
Mueang Saraburi	อำเภอเมืองสระบุรี	District	106,107	127,431
Nong Don	อำเภอหนองโดน	District	13,876	15,069
Nong Khae	อำเภอหนองแค	District	88,213	106,878
Nong Saeng	อำเภอหนองแซง	District	14,781	20,128
Phra Phutthabat	อำเภอพระพุทธบาท	District	70,354	65,339
Sao Hai	อำเภอเสาไห้	District	27,789	40,708
Wang Muang	อำเภอวังม่วง	District	19,802	22,212
Wihan Daeng	อำเภอวิหารแดง	District	33,883	48,899
Satun	จังหวัดสตูล	Province	247,875	274,863
Khuan Don	อำเภอควนโดน	District	19,884	22,996
Khuan Kalong	อำเภอควนกาหลง	District	27,100	29,837
La-ngu	อำเภอละงู	District	56,348	65,068
Manang	อำเภอมะนัง	District	12,292	14,085
Mueang Satun	อำเภอเมืองสตูล	District	92,150	97,892
Tha Phae	อำเภอท่าแพ	District	22,138	24,618
Thung Wa	อำเภอทุ่งหว้า	District	17,963	20,367
Singburi	จังหวัดสิงห์บุรี	Province	232,766	199,982
Bang Rachan	อำเภอบางระจัน	District	37,936	32,059
In Buri	อำเภออินทร์บุรี	District	63,829	52,999
Khai Bang Rachan	อำเภอค่ายบางระจัน	District	29,813	26,881
Mueang Sing Buri	อำเภอเมืองสิงห์บุรี	District	58,044	53,252
Phrom Buri	อำเภอพรหมบุรี	District	26,887	22,129
Tha Chang	อำเภอท่าช้าง	District	16,257	12,662
Si Saket	จังหวัดศรีสะเกษ	Province	1,405,500	1,055,980
Benchalak	อำเภอเบญจลักษ์	District	34,639	26,107
Bueng Bun	อำเภอบึงบูรพ์	District	10,586	7,704
Huai Thap Than	อำเภอห้วยทับทัน	District	38,993	28,497
Kantharalak	อำเภอกันทรลักษ์	District	189,863	147,336
Kanthararom	อำเภอกันทรารมย์	District	99,178	73,020
Khukhan	อำเภอขุขันธ์	District	141,815	108,214
Khun Han	อำเภอขุนหาญ	District	98,843	77,936
Mueang Chan	อำเภอเมืองจันทร์	District	17,462	12,320
Mueang Si Sa Ket	อำเภอเมืองศรีสะเกษ	District	133,478	113,383
Nam Kliang	อำเภอน้ำเกลี้ยง	District	40,680	31,221
Non Khun	อำเภอโนนคูณ	District	36,266	29,598
Phayu	อำเภอพยุห์	District	37,314	24,018
Pho Si Suwan	อำเภอโพธิ์ศรีสุวรรณ	District	23,289	16,269
Phrai Bueng	อำเภอไพรบึง	District	46,360	35,778
Phu Sing	อำเภอภูสิงห์	District	47,138	36,504
Prang Ku	อำเภอปรางค์กู่	District	68,305	45,605
Rasi Salai	อำเภอราษีไศล	District	80,870	58,475
Sila Lat	อำเภอศิลาลาด	District	20,637	13,811
Si Rattana	อำเภอศรีรัตนะ	District	50,474	35,856
Uthumphon Phisai	อำเภออุทุมพรพิสัย	District	108,920	71,324
Wang Hin	อำเภอวังหิน	District	44,358	35,959
Yang Chum Noi	อำเภอยางชุมน้อย	District	36,032	27,045
Songkhla	จังหวัดสงขลา	Province	1,255,662	1,481,021
Bang Klam	อำเภอบางกล่ำ	District	26,180	34,559
Chana	อำเภอจะนะ	District	92,163	103,594
Hat Yai	อำเภอหาดใหญ่	District	324,596	438,576
Khlong Hoi Khong	อำเภอคลองหอยโข่ง	District	22,933	27,359
Khuan Niang	อำเภอควนเนียง	District	34,276	34,408
Krasae Sin	อำเภอกระแสสินธุ์	District	18,412	14,971
Mueang Songkhla	อำเภอเมืองสงขลา	District	162,700	198,594
Na Mom	อำเภอนาหม่อม	District	20,597	27,955
Na Thawi	อำเภอนาทวี	District	54,772	69,676
Ranot	อำเภอระโนด	District	78,387	62,220
Rattaphum	อำเภอรัตภูมิ	District	65,585	71,860
Saba Yoi	อำเภอสะบ้าย้อย	District	55,735	65,920
Sadao	อำเภอสะเดา	District	102,217	131,095
Sathing Phra	อำเภอสทิงพระ	District	52,907	46,832
Singhanakhon	อำเภอสิงหนคร	District	79,566	81,831
Thepha	อำเภอเทพา	District	64,636	71,572
Sukhothai	จังหวัดสุโขทัย	Province	593,264	629,707
Ban Dan Lan Hoi	อำเภอบ้านด่านลานหอย	District	41,906	47,537
Khiri Mat	อำเภอคีรีมาศ	District	53,507	61,014
Kong Krailat	อำเภอกงไกรลาศ	District	61,835	70,457
Mueang Sukhothai	อำเภอเมืองสุโขทัย	District	109,195	107,018
Sawankhalok	อำเภอสวรรคโลก	District	86,570	92,263
Si Nakhon	อำเภอศรีนคร	District	29,413	30,626
Si Samrong	อำเภอศรีสำโรง	District	70,140	77,075
Si Satchanalai	อำเภอศรีสัชนาลัย	District	92,293	94,408
Thung Saliam	อำเภอทุ่งเสลี่ยม	District	48,405	49,308
Suphanburi	จังหวัดสุพรรณบุรี	Province	855,949	845,561
Bang Pla Ma	อำเภอบางปลาม้า	District	86,947	79,965
Dan Chang	อำเภอด่านช้าง	District	61,540	65,886
Doem Bang Nang Buat	อำเภอเดิมบางนางบวช	District	77,804	73,012
Don Chedi	อำเภอดอนเจดีย์	District	46,062	43,691
Mueang Suphanburi	อำเภอเมืองสุพรรณบุรี	District	158,087	167,059
Nong Ya Sai	อำเภอหนองหญ้าไซ	District	49,894	48,019
Sam Chuk	อำเภอสามชุก	District	58,223	55,442
Si Prachan	อำเภอศรีประจันต์	District	64,995	62,811
Song Phi Nong	อำเภอสองพี่น้อง	District	130,064	128,471
U Thong	อำเภออู่ทอง	District	122,333	121,205
Surat Thani	จังหวัดสุราษฎร์ธานี	Province	869,410	1,009,351
Ban Na Doem	อำเภอบ้านนาเดิม	District	20,958	22,493
Ban Na San	อำเภอบ้านนาสาร	District	66,813	69,150
Ban Ta Khun	อำเภอบ้านตาขุน	District	13,519	14,989
Chai Buri	อำเภอชัยบุรี	District	18,933	25,539
Chaiya	อำเภอไชยา	District	43,630	50,308
Don Sak	อำเภอดอนสัก	District	33,436	36,781
Kanchanadit	อำเภอกาญจนดิษฐ์	District	90,782	101,578
Khian Sa	อำเภอเคียนซา	District	36,525	46,612
Khiri Rat Nikhom	อำเภอคีรีรัฐนิคม	District	37,592	42,351
Ko Pha-ngan	อำเภอเกาะพะงัน	District	9,866	15,254
Ko Samui	อำเภอเกาะสมุย	District	34,717	57,845
Mueang Surat Thani	อำเภอเมืองสุราษฎร์ธานี	District	150,954	172,412
Phanom	อำเภอพนม	District	29,250	36,605
Phrasaeng	อำเภอพระแสง	District	52,956	66,024
Phunphin	อำเภอพุนพิน	District	90,419	91,195
Tha Chana	อำเภอท่าชนะ	District	43,884	53,075
Tha Chang	อำเภอท่าฉาง	District	28,961	32,571
Vibhavadi	อำเภอวิภาวดี	District	9,877	14,286
Wiang Sa	อำเภอเวียงสระ	District	56,338	60,283
Surin	จังหวัดสุรินทร์	Province	1,327,901	1,122,900
Buachet	อำเภอบัวเชด	District	36,320	33,862
Chom Phra	อำเภอจอมพระ	District	58,778	48,252
Chumphon Buri	อำเภอชุมพลบุรี	District	66,846	58,164
Kap Choeng	อำเภอกาบเชิง	District	61,416	45,668
Khwao Sinarin	อำเภอเขวาสินรินทร์	District	34,565	28,221
Lamduan	อำเภอลำดวน	District	28,439	25,337
Mueang Surin	อำเภอเมืองสุรินทร์	District	244,589	231,945
Non Narai	อำเภอโนนนารายณ์	District	34,141	27,617
Phanom Dong Rak	อำเภอพนมดงรัก	District	34,169	29,255
Prasat	อำเภอปราสาท	District	148,395	123,791
Rattanaburi	อำเภอรัตนบุรี	District	90,750	72,237
Samrong Thap	อำเภอสำโรงทาบ	District	52,222	41,296
Sangkha	อำเภอสังขะ	District	118,176	102,940
Sanom	อำเภอสนม	District	44,177	33,881
Sikhoraphum	อำเภอศีขรภูมิ	District	136,732	106,302
Si Narong	อำเภอศรีณรงค์	District	42,761	35,873
Tha Tum	อำเภอท่าตูม	District	95,425	78,259
Tak	จังหวัดตาก	Province	486,146	526,382
Ban Tak	อำเภอบ้านตาก	District	47,427	46,255
Mae Ramat	อำเภอแม่ระมาด	District	44,798	48,209
Mae Sot	อำเภอแม่สอด	District	106,413	121,062
Mueang Tak	อำเภอเมืองตาก	District	99,211	100,533
Phop Phra	อำเภอพบพระ	District	46,531	60,046
Sam Ngao	อำเภอสามเงา	District	34,607	32,871
Tha Song Yang	อำเภอท่าสองยาง	District	58,437	59,624
Umphang	อำเภออุ้มผาง	District	22,131	27,192
Wang Chao	อำเภอวังเจ้า	District	26,591	30,589
Trang	จังหวัดตรัง	Province	595,110	598,877
Hat Samran	อำเภอหาดสำราญ	District	14,477	14,581
Huai Yot	อำเภอห้วยยอด	District	90,930	82,795
Kantang	อำเภอกันตัง	District	79,597	83,685
Mueang Trang	อำเภอเมืองตรัง	District	147,911	148,500
Na Yong	อำเภอนาโยง	District	42,429	42,531
Palian	อำเภอปะเหลียน	District	62,063	63,899
Ratsada	อำเภอรัษฎา	District	26,118	25,857
Sikao	อำเภอสิเกา	District	31,383	38,055
Wang Wiset	อำเภอวังวิเศษ	District	36,384	40,838
Yan Ta Khao	อำเภอย่านตาขาว	District	63,818	58,135
Trat	จังหวัดตราด	Province	219,345	247,876
Bo Rai	อำเภอบ่อไร่	District	39,736	37,157
Khao Saming	อำเภอเขาสมิง	District	40,499	38,941
Khlong Yai	อำเภอคลองใหญ่	District	25,134	38,099
Ko Chang	อำเภอเกาะช้าง	District	4,399	12,346
Ko Kut	อำเภอเกาะกูด	District	2,042	2,894
Laem Ngop	อำเภอแหลมงอบ	District	17,874	17,198
Mueang Trat	อำเภอเมืองตราด	District	89,661	101,241
Ubon Ratchathani	จังหวัดอุบลราชธานี	Province	1,691,441	1,746,790
Buntharik	อำเภอบุณฑริก	District	82,588	85,208
Det Udom	อำเภอเดชอุดม	District	157,253	152,723
Don Mot Daeng	อำเภอดอนมดแดง	District	25,372	24,898
Khemarat	อำเภอเขมราฐ	District	72,020	69,330
Khong Chiam	อำเภอโขงเจียม	District	29,223	30,983
Khueang Nai	อำเภอเขื่องใน	District	105,202	98,584
Kut Khaopun	อำเภอกุดข้าวปุ้น	District	39,284	41,044
Lao Suea Kok	อำเภอเหล่าเสือโก้ก	District	24,012	25,062
Muang Sam Sip	อำเภอม่วงสามสิบ	District	78,802	82,071
Mueang Ubon Ratchathani	อำเภอเมืองอุบลราชธานี	District	214,743	243,154
Na Chaluai	อำเภอนาจะหลวย	District	50,909	51,940
Nam Khun	อำเภอน้ำขุ่น	District	28,078	30,327
Nam Yuen	อำเภอน้ำยืน	District	63,614	61,835
Na Tan	อำเภอนาตาล	District	33,384	34,808
Na Yia	อำเภอนาเยีย	District	22,961	22,813
Phibun Mangsahan	อำเภอพิบูลมังสาหาร	District	126,275	120,296
Pho Sai	อำเภอโพธิ์ไทร	District	38,947	40,803
Samrong	อำเภอสำโรง	District	49,764	51,784
Sawang Wirawong	อำเภอสว่างวีระวงศ์	District	28,462	26,035
Si Mueang Mai	อำเภอศรีเมืองใหม่	District	60,255	63,956
Sirindhorn	อำเภอสิรินธร	District	42,151	48,825
Tan Sum	อำเภอตาลสุม	District	30,099	31,097
Thung Si Udom	อำเภอทุ่งศรีอุดม	District	25,502	24,379
Trakan Phuet Phon	อำเภอตระการพืชผล	District	115,144	118,498
Warin Chamrap	อำเภอวารินชำราบ	District	147,397	166,340
Udon Thani	จังหวัดอุดรธานี	Province	1,467,158	1,288,365
Ban Dung	อำเภอบ้านดุง	District	114,689	99,759
Ban Phue	อำเภอบ้านผือ	District	102,977	89,610
Chai Wan	อำเภอไชยวาน	District	35,979	31,290
Ku Kaeo	อำเภอกู่แก้ว	District	21,321	18,614
Kumphawapi	อำเภอกุมภวาปี	District	124,136	100,109
Kut Chap	อำเภอกุดจับ	District	60,202	55,424
Mueang Udon Thani	อำเภอเมืองอุดรธานี	District	379,851	347,497
Nam Som	อำเภอน้ำโสม	District	53,253	46,692
Na Yung	อำเภอนายูง	District	23,932	23,115
Nong Han	อำเภอหนองหาน	District	112,815	91,404
Nong Saeng	อำเภอหนองแสง	District	25,558	21,902
Nong Wua So	อำเภอหนองวัวซอ	District	60,166	49,990
Non Sa-at	อำเภอโนนสะอาด	District	46,980	40,095
Phen	อำเภอเพ็ญ	District	103,535	94,888
Phibun Rak	อำเภอพิบูลย์รักษ์	District	23,063	19,347
Prachaksinlapakhom	อำเภอประจักษ์ศิลปาคม	District	23,623	19,940
Sang Khom	อำเภอสร้างคอม	District	27,433	23,227
Si That	อำเภอศรีธาตุ	District	45,516	42,713
Thung Fon	อำเภอทุ่งฝน	District	29,917	25,724
Wang Sam Mo	อำเภอวังสามหมอ	District	52,212	47,025
Uthai Thani	จังหวัดอุทัยธานี	Province	304,122	297,493
Ban Rai	อำเภอบ้านไร่	District	59,105	62,961
Huai Khot	อำเภอห้วยคต	District	17,256	18,024
Lan Sak	อำเภอลานสัก	District	53,611	50,571
Mueang Uthai Thani	อำเภอเมืองอุทัยธานี	District	50,008	48,909
Nong Chang	อำเภอหนองฉาง	District	43,889	40,294
Nong Khayang	อำเภอหนองขาหย่าง	District	15,712	13,852
Sawang Arom	อำเภอสว่างอารมณ์	District	28,645	27,626
Thap Than	อำเภอทัพทัน	District	35,896	35,256
Uttaradit	จังหวัดอุตรดิตถ	Province	464,474	438,578
Ban Khok	อำเภอบ้านโคก	District	14,759	13,403
Fak Tha	อำเภอฟากท่า	District	15,059	14,267
Laplae	อำเภอลับแล	District	57,283	53,492
Mueang Uttaradit	อำเภอเมืองอุตรดิตถ์	District	153,611	148,203
Nam Pat	อำเภอน้ำปาด	District	31,702	31,347
Phichai	อำเภอพิชัย	District	76,529	72,782
Tha Pla	อำเภอท่าปลา	District	47,058	43,030
Thong Saen Khan	อำเภอทองแสนขัน	District	32,721	28,797
Tron	อำเภอตรอน	District	35,752	33,257
Yala	จังหวัดยะลา	Province	415,537	433,167
Bannang Sata	อำเภอบันนังสตา	District	44,448	44,660
Betong	อำเภอเบตง	District	50,477	46,578
Kabang	อำเภอกาบัง	District	12,851	20,009
Krong Pinang	อำเภอกรงปินัง	District	18,308	24,487
Mueang Yala	อำเภอเมืองยะลา	District	154,634	145,319
Raman	อำเภอรามัน	District	73,408	80,927
Than To	อำเภอธารโต	District	17,716	18,552
Yaha	อำเภอยะหา	District	43,695	52,636
Yasothon	จังหวัดยโสธร	Province	561,430	487,976
Kham Khuean Kaeo	อำเภอคำเขื่อนแก้ว	District	77,420	57,881
Kho Wang	อำเภอค้อวัง	District	27,604	22,418
Kut Chum	อำเภอกุดชุม	District	68,023	55,933
Loeng Nok Tha	อำเภอเลิงนกทา	District	95,408	88,118
Maha Chana Chai	อำเภอมหาชนะชัย	District	60,540	49,182
Mueang Yasothon	อำเภอเมืองยโสธร	District	133,910	130,313
Pa Tio	อำเภอป่าติ้ว	District	36,326	31,773
Sai Mun	อำเภอทรายมูล	District	32,917	24,785
Thai Charoen	อำเภอไทยเจริญ	District	29,282	27,572
Prathet Thai [Thailand]	ประเทศไทย	Kingdom	60,916,441	65,981,659